<?xml version = '1.0' encoding = 'UTF-8'?>
<Diagram class="oracle.dbtools.crest.swingui.relational.DPVRelational" name="Relacional" id="FF1C7710-19E7-DF1F-303A-386A860396C0">
<createdBy>andrenunes</createdBy>
<createdTime>2015-04-19 20:24:15 UTC</createdTime>
<autoRoute>false</autoRoute>
<boxInbox>true</boxInbox>
<showLegend>false</showLegend>
<showLabels>false</showLabels>
<showRelAttributes>false</showRelAttributes>
<showGrid>false</showGrid>
<diagramColor>-1</diagramColor>
<display>false</display>
<notation>1</notation>
<objectViews>
<OView class="oracle.dbtools.crest.swingui.relational.TVTable" oid="106F38AF-F6F9-8F08-5DB7-120C35FC38FD" otype="Table" vid="B6586E34-BBEC-9D07-8370-996ED667C558">
<hideElementsInCurrentOnly>false</hideElementsInCurrentOnly>
<bounds x="711" y="418" width="170" height="94"/>
</OView>
<OView class="oracle.dbtools.crest.swingui.relational.TVTable" oid="273F44E6-52F8-05EB-BF7C-B94786A45382" otype="Table" vid="7F2C3933-7CD5-4E30-B691-B78BDB48B831">
<hideElementsInCurrentOnly>false</hideElementsInCurrentOnly>
<bounds x="474" y="388" width="186" height="140"/>
</OView>
<OView class="oracle.dbtools.crest.swingui.relational.TVTable" oid="3CA4197B-73FB-CD11-DB3C-99DCB3279BE5" otype="Table" vid="4425C174-5810-E177-0E4B-ED7DD3AED915">
<hideElementsInCurrentOnly>false</hideElementsInCurrentOnly>
<bounds x="658" y="8" width="247" height="119"/>
</OView>
<OView class="oracle.dbtools.crest.swingui.relational.TVTable" oid="515CB6D8-2C17-47C1-7232-198C4E6D3650" otype="Table" vid="703611B1-E6AA-3F41-8222-DF3AD9A20A9A">
<hideElementsInCurrentOnly>false</hideElementsInCurrentOnly>
<bounds x="321" y="7" width="203" height="164"/>
<useCustomFormat>true</useCustomFormat>
<useDefaultColor>false</useDefaultColor>
<backgroundColor>-6684775</backgroundColor>
<foregroundColor>-16776961</foregroundColor>
<fonts itemClass="oracle.dbtools.crest.model.design.FontObjectWr">
<FontObject>
<foType>Title</foType>
<fontStyle>1</fontStyle>
<colorRGB>-16776961</colorRGB>
</FontObject>
<FontObject>
<foType>Column</foType>
<colorRGB>-16777216</colorRGB>
</FontObject>
<FontObject>
<foType>Datatype</foType>
<colorRGB>-16744448</colorRGB>
</FontObject>
<FontObject>
<foType>PK Element</foType>
<colorRGB>-16776961</colorRGB>
</FontObject>
<FontObject>
<foType>FK Element</foType>
<colorRGB>-16777216</colorRGB>
</FontObject>
<FontObject>
<foType>UK Element</foType>
<colorRGB>-16776961</colorRGB>
</FontObject>
<FontObject>
<foType>Not Null</foType>
<colorRGB>-65536</colorRGB>
</FontObject>
<FontObject>
<foType>Key</foType>
<colorRGB>-16777216</colorRGB>
</FontObject>
<FontObject>
<foType>Comments</foType>
<colorRGB>-12566464</colorRGB>
</FontObject>
</fonts>
</OView>
<OView class="oracle.dbtools.crest.swingui.relational.TVTable" oid="58A8BA87-8F4D-CEE3-6472-6DB61874D56B" otype="Table" vid="35D60F7D-93D9-4E7E-C1B0-4E6FB05DA431">
<hideElementsInCurrentOnly>false</hideElementsInCurrentOnly>
<bounds x="239" y="387" width="185" height="165"/>
</OView>
<OView class="oracle.dbtools.crest.swingui.relational.TVTable" oid="81C052A9-B53E-9F12-6CCB-E8ADDE872999" otype="Table" vid="DFD818BC-20AC-976F-853F-DC32A14995AA">
<hideElementsInCurrentOnly>false</hideElementsInCurrentOnly>
<bounds x="682" y="181" width="197" height="178"/>
</OView>
<OView class="oracle.dbtools.crest.swingui.TVNote" oid="BAB83880-1296-91DE-A3E1-CDF7FF68F9F8" otype="Note" vid="A6591DA6-7D4F-82CB-6EE7-544EEC5B67E2">
<hideElementsInCurrentOnly>false</hideElementsInCurrentOnly>
<bounds x="16" y="13" width="215" height="59"/>
</OView>
<OView class="oracle.dbtools.crest.swingui.relational.TVTable" oid="C1BE3CB0-2B66-800D-E525-A10DACFE5DEF" otype="Table" vid="E072EEC7-4742-8031-F08F-A801619195A2">
<hideElementsInCurrentOnly>false</hideElementsInCurrentOnly>
<bounds x="315" y="212" width="188" height="102"/>
</OView>
<OView class="oracle.dbtools.crest.swingui.relational.TVTable" oid="E9BECD00-1D09-204C-807D-CE26518EB96B" otype="Table" vid="12D83E78-A01C-776A-8C62-3298BE48E265">
<hideElementsInCurrentOnly>false</hideElementsInCurrentOnly>
<bounds x="19" y="403" width="170" height="87"/>
</OView>
<OView class="oracle.dbtools.crest.swingui.relational.TVTable" oid="EE2143DC-615C-3FB1-F5C2-3C41DF5E90CD" otype="Table" vid="3DC5921C-2F6C-D2EA-CF4E-E5F53B7C7141">
<hideElementsInCurrentOnly>false</hideElementsInCurrentOnly>
<bounds x="16" y="185" width="217" height="125"/>
<useCustomFormat>true</useCustomFormat>
<useDefaultColor>false</useDefaultColor>
<backgroundColor>-6684775</backgroundColor>
<foregroundColor>-16776961</foregroundColor>
<fonts itemClass="oracle.dbtools.crest.model.design.FontObjectWr">
<FontObject>
<foType>Title</foType>
<fontStyle>1</fontStyle>
<colorRGB>-16776961</colorRGB>
</FontObject>
<FontObject>
<foType>Column</foType>
<colorRGB>-16777216</colorRGB>
</FontObject>
<FontObject>
<foType>Datatype</foType>
<colorRGB>-16744448</colorRGB>
</FontObject>
<FontObject>
<foType>PK Element</foType>
<colorRGB>-16776961</colorRGB>
</FontObject>
<FontObject>
<foType>FK Element</foType>
<colorRGB>-16777216</colorRGB>
</FontObject>
<FontObject>
<foType>UK Element</foType>
<colorRGB>-16776961</colorRGB>
</FontObject>
<FontObject>
<foType>Not Null</foType>
<colorRGB>-65536</colorRGB>
</FontObject>
<FontObject>
<foType>Key</foType>
<colorRGB>-16777216</colorRGB>
</FontObject>
<FontObject>
<foType>Comments</foType>
<colorRGB>-12566464</colorRGB>
</FontObject>
</fonts>
</OView>
<OView class="oracle.dbtools.crest.swingui.TVNote" oid="F25F4B9B-63BD-4B7A-F6BD-2D7571FC36F6" otype="Note" vid="9610325F-AE8A-59F7-AF78-A869EACB4B68">
<hideElementsInCurrentOnly>false</hideElementsInCurrentOnly>
<bounds x="544" y="84" width="102" height="62"/>
</OView>
</objectViews>
<connectors>
<Connector class="oracle.dbtools.crest.swingui.relational.TVFKRelation" oid="0516FFB1-5959-2CF5-72A3-E4FB1D1A35CF" otype="FKIndexAssociation" vid_source="E072EEC7-4742-8031-F08F-A801619195A2" vid_target="35D60F7D-93D9-4E7E-C1B0-4E6FB05DA431">
<hideElementsInCurrentOnly>false</hideElementsInCurrentOnly>
<lineWidth>1</lineWidth>
<points>
<point x="320" y="314"/>
<point x="321" y="387"/>
</points>
</Connector>
<Connector class="oracle.dbtools.crest.swingui.relational.TVFKRelation" oid="3DBDD44E-3AC1-CBBC-936A-FA252E14266D" otype="FKIndexAssociation" vid_source="12D83E78-A01C-776A-8C62-3298BE48E265" vid_target="35D60F7D-93D9-4E7E-C1B0-4E6FB05DA431">
<hideElementsInCurrentOnly>false</hideElementsInCurrentOnly>
<lineWidth>1</lineWidth>
<points>
<point x="189" y="446"/>
<point x="239" y="446"/>
</points>
</Connector>
<Connector class="oracle.dbtools.crest.swingui.relational.TVFKRelation" oid="4E0FA77C-8BC2-5B73-4368-52883870EBDB" otype="FKIndexAssociation" vid_source="E072EEC7-4742-8031-F08F-A801619195A2" vid_target="703611B1-E6AA-3F41-8222-DF3AD9A20A9A">
<hideElementsInCurrentOnly>false</hideElementsInCurrentOnly>
<lineWidth>1</lineWidth>
<points>
<point x="412" y="212"/>
<point x="412" y="171"/>
</points>
</Connector>
<Connector class="oracle.dbtools.crest.swingui.relational.TVFKRelation" oid="832DCD9B-A64F-973D-7095-2071DB4D6B50" otype="FKIndexAssociation" vid_source="E072EEC7-4742-8031-F08F-A801619195A2" vid_target="7F2C3933-7CD5-4E30-B691-B78BDB48B831">
<hideElementsInCurrentOnly>false</hideElementsInCurrentOnly>
<lineWidth>1</lineWidth>
<points>
<point x="488" y="314"/>
<point x="488" y="388"/>
</points>
</Connector>
<Connector class="oracle.dbtools.crest.swingui.relational.TVFKRelation" oid="ADE28191-BD48-05A6-38E4-34B2CD4D0635" otype="FKIndexAssociation" vid_source="DFD818BC-20AC-976F-853F-DC32A14995AA" vid_target="4425C174-5810-E177-0E4B-ED7DD3AED915">
<hideElementsInCurrentOnly>false</hideElementsInCurrentOnly>
<lineWidth>1</lineWidth>
<points>
<point x="780" y="181"/>
<point x="780" y="127"/>
</points>
</Connector>
<Connector class="oracle.dbtools.crest.swingui.relational.TVFKRelation" oid="B12B9A44-F675-8D74-88CC-77428EDC41AB" otype="FKIndexAssociation" vid_source="B6586E34-BBEC-9D07-8370-996ED667C558" vid_target="DFD818BC-20AC-976F-853F-DC32A14995AA">
<hideElementsInCurrentOnly>false</hideElementsInCurrentOnly>
<lineWidth>1</lineWidth>
<points>
<point x="795" y="418"/>
<point x="795" y="359"/>
</points>
</Connector>
<Connector class="oracle.dbtools.crest.swingui.relational.TVFKRelation" oid="B7C26BD3-5F08-9FFF-6064-E37029DB9BD4" otype="FKIndexAssociation" vid_source="703611B1-E6AA-3F41-8222-DF3AD9A20A9A" vid_target="4425C174-5810-E177-0E4B-ED7DD3AED915">
<hideElementsInCurrentOnly>false</hideElementsInCurrentOnly>
<lineWidth>1</lineWidth>
<points>
<point x="524" y="67"/>
<point x="658" y="67"/>
</points>
</Connector>
<Connector class="oracle.dbtools.crest.swingui.relational.TVFKRelation" oid="BDE55897-4BAD-EDA7-4827-48ABFF0227B1" otype="FKIndexAssociation" vid_source="E072EEC7-4742-8031-F08F-A801619195A2" vid_target="DFD818BC-20AC-976F-853F-DC32A14995AA">
<hideElementsInCurrentOnly>false</hideElementsInCurrentOnly>
<lineWidth>1</lineWidth>
<points>
<point x="503" y="263"/>
<point x="682" y="263"/>
</points>
</Connector>
<Connector class="oracle.dbtools.crest.swingui.relational.TVFKRelation" oid="F331120E-181D-2D08-A73C-92CE62F74896" otype="FKIndexAssociation" vid_source="E072EEC7-4742-8031-F08F-A801619195A2" vid_target="3DC5921C-2F6C-D2EA-CF4E-E5F53B7C7141">
<hideElementsInCurrentOnly>false</hideElementsInCurrentOnly>
<lineWidth>1</lineWidth>
<points>
<point x="315" y="261"/>
<point x="233" y="261"/>
</points>
</Connector>
</connectors>
</Diagram>