<?xml version = '1.0' encoding = 'UTF-8'?>
<Entity class="oracle.dbtools.crest.model.design.logical.Entity" directorySegmentName="seg_0" id="36DCCC4E-989B-6E14-9C55-072D30799CD0" name="Contato">
<createdBy>andrenunes</createdBy>
<createdTime>2015-04-20 00:37:17 UTC</createdTime>
<generatorID>273F44E6-52F8-05EB-BF7C-B94786A45382</generatorID>
<ownerDesignName>seguradora</ownerDesignName>
<engineerTo>
<item key="2E3A49F5-63EE-D061-5BF9-89C4083562D1" value="true"/>
</engineerTo>
<adequatelyNormalized>NO</adequatelyNormalized>
<expectedVolumes>0</expectedVolumes>
<fwdEngineeringStrategyName>Single Table</fwdEngineeringStrategyName>
<growthPercent>0</growthPercent>
<growthType>Year</growthType>
<maxVolumes>9999999</maxVolumes>
<minVolumes>0</minVolumes>
<normalForm>Third</normalForm>
<attributes itemClass="oracle.dbtools.crest.model.design.logical.Attribute">
<Attribute name="IDContato" id="94713C6A-5743-362E-4CD9-820FC24B88C6">
<createdBy>andrenunes</createdBy>
<createdTime>2015-04-20 00:37:17 UTC</createdTime>
<generatorID>6CCE1235-C148-A19F-902F-F787ADD99D41</generatorID>
<ownerDesignName>seguradora</ownerDesignName>
<engineerTo>
<item key="2E3A49F5-63EE-D061-5BF9-89C4083562D1" value="true"/>
</engineerTo>
<useDomainConstraints>false</useDomainConstraints>
<use>1</use>
<logicalDatatype>LOGDT011</logicalDatatype>
</Attribute>
<Attribute name="IDPessoa" id="980CB16C-1E87-493B-FD84-516B3ECE2650">
<createdBy>andrenunes</createdBy>
<createdTime>2015-04-20 00:37:17 UTC</createdTime>
<ownerDesignName>seguradora</ownerDesignName>
<engineerTo>
<item key="2E3A49F5-63EE-D061-5BF9-89C4083562D1" value="true"/>
</engineerTo>
<useDomainConstraints>false</useDomainConstraints>
<use>1</use>
<logicalDatatype>LOGDT011</logicalDatatype>
</Attribute>
<Attribute name="TipoContato" id="108F64E7-3D1F-3003-1CCC-4B5C48AF530A">
<createdBy>andrenunes</createdBy>
<createdTime>2015-04-20 00:37:17 UTC</createdTime>
<generatorID>28F6F848-BE7E-F573-270C-C67ED107DD01</generatorID>
<ownerDesignName>seguradora</ownerDesignName>
<engineerTo>
<item key="2E3A49F5-63EE-D061-5BF9-89C4083562D1" value="true"/>
</engineerTo>
<useDomainConstraints>false</useDomainConstraints>
<use>1</use>
<logicalDatatype>LOGDT024</logicalDatatype>
<dataTypeSize>1</dataTypeSize>
</Attribute>
<Attribute name="Valor" id="4D2DD73E-2C4C-FC21-9C31-E69FCEC6BBF3">
<createdBy>andrenunes</createdBy>
<createdTime>2015-04-20 00:37:17 UTC</createdTime>
<generatorID>2F7BFEBE-0E3E-B91C-EE47-8CA849C22034</generatorID>
<ownerDesignName>seguradora</ownerDesignName>
<engineerTo>
<item key="2E3A49F5-63EE-D061-5BF9-89C4083562D1" value="true"/>
</engineerTo>
<useDomainConstraints>false</useDomainConstraints>
<use>1</use>
<logicalDatatype>LOGDT024</logicalDatatype>
<dataTypeSize>50</dataTypeSize>
</Attribute>
<Attribute name="Principal" id="87CB6765-0132-82A5-A172-859E964F8E75">
<createdBy>andrenunes</createdBy>
<createdTime>2015-04-20 00:37:17 UTC</createdTime>
<generatorID>3E24BEE0-0822-8B68-7B8E-2C6584E5C53E</generatorID>
<ownerDesignName>seguradora</ownerDesignName>
<engineerTo>
<item key="2E3A49F5-63EE-D061-5BF9-89C4083562D1" value="true"/>
</engineerTo>
<nullsAllowed>true</nullsAllowed>
<useDomainConstraints>false</useDomainConstraints>
<use>1</use>
<logicalDatatype>LOGDT034</logicalDatatype>
<dataTypeSize>1</dataTypeSize>
</Attribute>
</attributes>
<identifiers itemClass="oracle.dbtools.crest.model.design.logical.CandidateKey">
<identifier id="CD1CD35E-50B2-FD70-D214-5D08B2E85362" name="Contato PK">
<createdBy>andrenunes</createdBy>
<createdTime>2015-04-20 00:37:17 UTC</createdTime>
<generatorID>41F15BFD-1713-C10D-3743-7D3D7FDD1111</generatorID>
<ownerDesignName>seguradora</ownerDesignName>
<engineerTo>
<item key="2E3A49F5-63EE-D061-5BF9-89C4083562D1" value="true"/>
</engineerTo>
<pk>true</pk>
<usedAttributes>
<attributeRef>94713C6A-5743-362E-4CD9-820FC24B88C6</attributeRef>
</usedAttributes>
</identifier>
</identifiers>
</Entity>