<?xml version = '1.0' encoding = 'UTF-8'?>
<Entity class="oracle.dbtools.crest.model.design.logical.Entity" directorySegmentName="seg_0" id="D039A1EA-61B6-B991-68B0-FF772609D4E5" name="PessoaFisica">
<createdBy>andrenunes</createdBy>
<createdTime>2015-04-19 23:20:48 UTC</createdTime>
<generatorID>515CB6D8-2C17-47C1-7232-198C4E6D3650</generatorID>
<ownerDesignName>seguradora</ownerDesignName>
<engineerTo>
<item key="2E3A49F5-63EE-D061-5BF9-89C4083562D1" value="true"/>
</engineerTo>
<adequatelyNormalized>NO</adequatelyNormalized>
<expectedVolumes>0</expectedVolumes>
<fwdEngineeringStrategyName>Single Table</fwdEngineeringStrategyName>
<growthPercent>0</growthPercent>
<growthType>Year</growthType>
<maxVolumes>9999999</maxVolumes>
<minVolumes>0</minVolumes>
<normalForm>Third</normalForm>
<attributes itemClass="oracle.dbtools.crest.model.design.logical.Attribute">
<Attribute name="IDPessoaFisica" id="54F0C661-8557-F762-04F5-98FF7F3F7BA9">
<createdBy>andrenunes</createdBy>
<createdTime>2015-04-19 23:20:48 UTC</createdTime>
<generatorID>823BBF25-88DB-F8FC-0B75-005D3C043EC8</generatorID>
<ownerDesignName>seguradora</ownerDesignName>
<engineerTo>
<item key="2E3A49F5-63EE-D061-5BF9-89C4083562D1" value="true"/>
</engineerTo>
<useDomainConstraints>false</useDomainConstraints>
<use>1</use>
<logicalDatatype>LOGDT011</logicalDatatype>
</Attribute>
<Attribute name="RG" id="9C1D4214-7FF7-7DC3-DE41-FFC846700C2D">
<createdBy>andrenunes</createdBy>
<createdTime>2015-04-19 23:20:48 UTC</createdTime>
<generatorID>31A09824-A032-D1A8-40DF-BE84FB0C97CB</generatorID>
<ownerDesignName>seguradora</ownerDesignName>
<engineerTo>
<item key="2E3A49F5-63EE-D061-5BF9-89C4083562D1" value="true"/>
</engineerTo>
<useDomainConstraints>false</useDomainConstraints>
<use>1</use>
<logicalDatatype>LOGDT024</logicalDatatype>
<dataTypeSize>10</dataTypeSize>
</Attribute>
<Attribute name="NomePai" id="EA19CB9A-15EA-D525-3E3F-E36FA42E006C">
<createdBy>andrenunes</createdBy>
<createdTime>2015-04-19 23:20:48 UTC</createdTime>
<generatorID>86B94E0D-0ACD-E009-18BD-AF881963B14C</generatorID>
<ownerDesignName>seguradora</ownerDesignName>
<engineerTo>
<item key="2E3A49F5-63EE-D061-5BF9-89C4083562D1" value="true"/>
</engineerTo>
<nullsAllowed>true</nullsAllowed>
<useDomainConstraints>false</useDomainConstraints>
<use>1</use>
<logicalDatatype>LOGDT024</logicalDatatype>
<dataTypeSize>70</dataTypeSize>
</Attribute>
<Attribute name="NomeMae" id="8A12B19C-2F4F-9F8B-7304-FF226F5CCB0C">
<createdBy>andrenunes</createdBy>
<createdTime>2015-04-19 23:20:48 UTC</createdTime>
<generatorID>E60DC852-EF88-C667-603E-F806601B64F0</generatorID>
<ownerDesignName>seguradora</ownerDesignName>
<engineerTo>
<item key="2E3A49F5-63EE-D061-5BF9-89C4083562D1" value="true"/>
</engineerTo>
<nullsAllowed>true</nullsAllowed>
<useDomainConstraints>false</useDomainConstraints>
<use>1</use>
<logicalDatatype>LOGDT024</logicalDatatype>
<dataTypeSize>70</dataTypeSize>
</Attribute>
<Attribute name="IDPessoa" id="C1124065-E57B-B99D-D4AD-B911137CF54E">
<createdBy>andrenunes</createdBy>
<createdTime>2015-04-20 00:37:17 UTC</createdTime>
<ownerDesignName>seguradora</ownerDesignName>
<engineerTo>
<item key="2E3A49F5-63EE-D061-5BF9-89C4083562D1" value="true"/>
</engineerTo>
<useDomainConstraints>false</useDomainConstraints>
<use>1</use>
<logicalDatatype>LOGDT011</logicalDatatype>
</Attribute>
<Attribute name="DataNascimento" id="50521810-F9AB-7E57-739F-162E621CB488">
<createdBy>andrenunes</createdBy>
<createdTime>2015-04-20 00:37:17 UTC</createdTime>
<generatorID>90F4429F-5D52-BEFB-BEC5-11F550BFD8E9</generatorID>
<ownerDesignName>seguradora</ownerDesignName>
<engineerTo>
<item key="2E3A49F5-63EE-D061-5BF9-89C4083562D1" value="true"/>
</engineerTo>
<nullsAllowed>true</nullsAllowed>
<useDomainConstraints>false</useDomainConstraints>
<use>1</use>
<logicalDatatype>LOGDT007</logicalDatatype>
</Attribute>
<Attribute name="CPF" id="C030C957-7636-0D7A-E941-4C5978D131FD">
<createdBy>andrenunes</createdBy>
<createdTime>2015-04-20 00:37:17 UTC</createdTime>
<generatorID>75A40845-AC60-B7A6-26E8-FD20694322F3</generatorID>
<ownerDesignName>seguradora</ownerDesignName>
<engineerTo>
<item key="2E3A49F5-63EE-D061-5BF9-89C4083562D1" value="true"/>
</engineerTo>
<nullsAllowed>true</nullsAllowed>
<useDomainConstraints>false</useDomainConstraints>
<use>1</use>
<logicalDatatype>LOGDT024</logicalDatatype>
<dataTypeSize>11</dataTypeSize>
</Attribute>
</attributes>
<identifiers itemClass="oracle.dbtools.crest.model.design.logical.CandidateKey">
<identifier id="CAB70D2F-ED82-714C-8FD7-7441A33EE731" name="PK_PessoaFisica">
<createdBy>andrenunes</createdBy>
<createdTime>2015-04-19 23:20:48 UTC</createdTime>
<generatorID>9FB1A968-7214-E858-262F-8C157FEEF59C</generatorID>
<ownerDesignName>seguradora</ownerDesignName>
<engineerTo>
<item key="2E3A49F5-63EE-D061-5BF9-89C4083562D1" value="true"/>
</engineerTo>
<pk>true</pk>
<usedAttributes>
<attributeRef>54F0C661-8557-F762-04F5-98FF7F3F7BA9</attributeRef>
</usedAttributes>
</identifier>
</identifiers>
</Entity>