<?xml version = '1.0' encoding = 'UTF-8'?>
<Entity class="oracle.dbtools.crest.model.design.logical.Entity" directorySegmentName="seg_0" id="E6BDB98A-FFC7-E87D-D1FD-9FC721CFE304" name="PessoaJuridica">
<createdBy>andrenunes</createdBy>
<createdTime>2015-04-20 00:37:17 UTC</createdTime>
<generatorID>EE2143DC-615C-3FB1-F5C2-3C41DF5E90CD</generatorID>
<ownerDesignName>seguradora</ownerDesignName>
<engineerTo>
<item key="2E3A49F5-63EE-D061-5BF9-89C4083562D1" value="true"/>
</engineerTo>
<adequatelyNormalized>NO</adequatelyNormalized>
<expectedVolumes>0</expectedVolumes>
<fwdEngineeringStrategyName>Single Table</fwdEngineeringStrategyName>
<growthPercent>0</growthPercent>
<growthType>Year</growthType>
<maxVolumes>9999999</maxVolumes>
<minVolumes>0</minVolumes>
<normalForm>Third</normalForm>
<attributes itemClass="oracle.dbtools.crest.model.design.logical.Attribute">
<Attribute name="IDPessoaJuridica" id="11A625EC-C7CB-857F-B5FF-FEFABB431134">
<createdBy>andrenunes</createdBy>
<createdTime>2015-04-20 00:37:17 UTC</createdTime>
<generatorID>42178393-862D-019A-6D38-D5B3C27A15FF</generatorID>
<ownerDesignName>seguradora</ownerDesignName>
<engineerTo>
<item key="2E3A49F5-63EE-D061-5BF9-89C4083562D1" value="true"/>
</engineerTo>
<useDomainConstraints>false</useDomainConstraints>
<use>1</use>
<logicalDatatype>LOGDT011</logicalDatatype>
</Attribute>
<Attribute name="IDPessoa" id="6DE70354-3850-BC01-D627-491447F1A8ED">
<createdBy>andrenunes</createdBy>
<createdTime>2015-04-20 00:37:17 UTC</createdTime>
<ownerDesignName>seguradora</ownerDesignName>
<engineerTo>
<item key="2E3A49F5-63EE-D061-5BF9-89C4083562D1" value="true"/>
</engineerTo>
<useDomainConstraints>false</useDomainConstraints>
<use>1</use>
<logicalDatatype>LOGDT011</logicalDatatype>
</Attribute>
<Attribute name="RazaoSocial" id="DE256563-6EAB-7B40-22F3-C54D00EF6B5A">
<createdBy>andrenunes</createdBy>
<createdTime>2015-04-20 00:37:17 UTC</createdTime>
<generatorID>A8476BC8-E1AD-C3CF-194D-DB139DDA10CE</generatorID>
<ownerDesignName>seguradora</ownerDesignName>
<engineerTo>
<item key="2E3A49F5-63EE-D061-5BF9-89C4083562D1" value="true"/>
</engineerTo>
<nullsAllowed>true</nullsAllowed>
<useDomainConstraints>false</useDomainConstraints>
<use>1</use>
<logicalDatatype>LOGDT024</logicalDatatype>
<dataTypeSize>70</dataTypeSize>
</Attribute>
<Attribute name="CNPJ" id="40307F18-85DE-7A7B-C859-FEC741D84CF0">
<createdBy>andrenunes</createdBy>
<createdTime>2015-04-20 00:37:17 UTC</createdTime>
<generatorID>38125D14-3259-6D59-6C60-2D51275BF64C</generatorID>
<ownerDesignName>seguradora</ownerDesignName>
<engineerTo>
<item key="2E3A49F5-63EE-D061-5BF9-89C4083562D1" value="true"/>
</engineerTo>
<nullsAllowed>true</nullsAllowed>
<useDomainConstraints>false</useDomainConstraints>
<use>1</use>
<logicalDatatype>LOGDT024</logicalDatatype>
<dataTypeSize>15</dataTypeSize>
</Attribute>
</attributes>
<identifiers itemClass="oracle.dbtools.crest.model.design.logical.CandidateKey">
<identifier id="8CBB7E43-3824-A3DE-36C2-656904C7486C" name="PessoaJuridica PK">
<createdBy>andrenunes</createdBy>
<createdTime>2015-04-20 00:37:17 UTC</createdTime>
<generatorID>1E947C55-CC0B-D496-B3B4-0D8491E9A096</generatorID>
<ownerDesignName>seguradora</ownerDesignName>
<engineerTo>
<item key="2E3A49F5-63EE-D061-5BF9-89C4083562D1" value="true"/>
</engineerTo>
<pk>true</pk>
<usedAttributes>
<attributeRef>11A625EC-C7CB-857F-B5FF-FEFABB431134</attributeRef>
</usedAttributes>
</identifier>
</identifiers>
</Entity>