<?xml version = '1.0' encoding = 'UTF-8'?>
<Entity class="oracle.dbtools.crest.model.design.logical.Entity" directorySegmentName="seg_0" id="EEB5625D-CC2B-E6F4-EB8A-1B01AA5066B5" name="Contrato">
<createdBy>andrenunes</createdBy>
<createdTime>2015-04-19 20:14:31 UTC</createdTime>
<generatorID>Gerado pelo usuário</generatorID>
<ownerDesignName>seguradora</ownerDesignName>
<engineerTo>
<item key="2E3A49F5-63EE-D061-5BF9-89C4083562D1" value="true"/>
</engineerTo>
<adequatelyNormalized>NO</adequatelyNormalized>
<expectedVolumes>0</expectedVolumes>
<fwdEngineeringStrategyName>Single Table</fwdEngineeringStrategyName>
<growthPercent>0</growthPercent>
<growthType>Year</growthType>
<maxVolumes>9999999</maxVolumes>
<minVolumes>0</minVolumes>
<normalForm>Third</normalForm>
<attributes itemClass="oracle.dbtools.crest.model.design.logical.Attribute">
<Attribute name="IDContrato" id="79385724-48CA-5E49-8CFA-F6A3F9FD7357">
<createdBy>andrenunes</createdBy>
<createdTime>2015-04-19 20:14:38 UTC</createdTime>
<generatorID>Gerado pelo usuário</generatorID>
<ownerDesignName>seguradora</ownerDesignName>
<engineerTo>
<item key="2E3A49F5-63EE-D061-5BF9-89C4083562D1" value="true"/>
</engineerTo>
<useDomainConstraints>false</useDomainConstraints>
<use>1</use>
<logicalDatatype>LOGDT011</logicalDatatype>
</Attribute>
<Attribute name="InicioVigencia" id="1B990E21-AFA1-3DB5-2003-B5C5614E59B8">
<createdBy>andrenunes</createdBy>
<createdTime>2015-04-19 20:14:53 UTC</createdTime>
<generatorID>Gerado pelo usuário</generatorID>
<ownerDesignName>seguradora</ownerDesignName>
<engineerTo>
<item key="2E3A49F5-63EE-D061-5BF9-89C4083562D1" value="true"/>
</engineerTo>
<useDomainConstraints>false</useDomainConstraints>
<use>1</use>
<logicalDatatype>LOGDT007</logicalDatatype>
</Attribute>
<Attribute name="FimVigencia" id="1BC1B5A2-B5CE-3A4E-25F9-EFADB46C978B">
<createdBy>andrenunes</createdBy>
<createdTime>2015-04-19 20:14:55 UTC</createdTime>
<generatorID>Gerado pelo usuário</generatorID>
<ownerDesignName>seguradora</ownerDesignName>
<engineerTo>
<item key="2E3A49F5-63EE-D061-5BF9-89C4083562D1" value="true"/>
</engineerTo>
<useDomainConstraints>false</useDomainConstraints>
<use>1</use>
<logicalDatatype>LOGDT007</logicalDatatype>
</Attribute>
<Attribute name="Valor" id="257C2A67-CD17-9147-3035-C33C847D1051">
<createdBy>andrenunes</createdBy>
<createdTime>2015-04-19 20:17:00 UTC</createdTime>
<generatorID>Gerado pelo usuário</generatorID>
<ownerDesignName>seguradora</ownerDesignName>
<engineerTo>
<item key="2E3A49F5-63EE-D061-5BF9-89C4083562D1" value="true"/>
</engineerTo>
<useDomainConstraints>false</useDomainConstraints>
<use>1</use>
<logicalDatatype>LOGDT026</logicalDatatype>
<dataTypePrecision>12</dataTypePrecision>
<dataTypeScale>3</dataTypeScale>
</Attribute>
<Attribute name="Situacao" id="D0CC0D12-0384-0D7A-2530-DFBAFD65FE6D">
<createdBy>andrenunes</createdBy>
<createdTime>2015-04-19 20:17:38 UTC</createdTime>
<generatorID>Gerado pelo usuário</generatorID>
<ownerDesignName>seguradora</ownerDesignName>
<engineerTo>
<item key="2E3A49F5-63EE-D061-5BF9-89C4083562D1" value="true"/>
</engineerTo>
<useDomainConstraints>false</useDomainConstraints>
<use>1</use>
<logicalDatatype>LOGDT024</logicalDatatype>
<dataTypeSize>1</dataTypeSize>
</Attribute>
<Attribute name="IDSeguro" id="92089DBE-E40B-7451-8332-58FB304FB254">
<createdBy>andrenunes</createdBy>
<createdTime>2015-04-19 20:22:58 UTC</createdTime>
<generatorID>EDB993A5-8409-80B7-0964-258855C1F026</generatorID>
<ownerDesignName>seguradora</ownerDesignName>
<engineerTo>
<item key="2E3A49F5-63EE-D061-5BF9-89C4083562D1" value="true"/>
</engineerTo>
<referedAttribute>BE4121FD-DB05-7959-3CED-B91F55AD21BC</referedAttribute>
<useDomainConstraints>false</useDomainConstraints>
<use>1</use>
<logicalDatatype>LOGDT011</logicalDatatype>
</Attribute>
<Attribute name="IDPessoa" id="825A91D3-27D5-A02F-390F-B35815A2CAE8">
<createdBy>andrenunes</createdBy>
<createdTime>2015-04-20 00:37:17 UTC</createdTime>
<ownerDesignName>seguradora</ownerDesignName>
<engineerTo>
<item key="2E3A49F5-63EE-D061-5BF9-89C4083562D1" value="true"/>
</engineerTo>
<useDomainConstraints>false</useDomainConstraints>
<use>1</use>
<logicalDatatype>LOGDT011</logicalDatatype>
</Attribute>
</attributes>
<identifiers itemClass="oracle.dbtools.crest.model.design.logical.CandidateKey">
<identifier id="C676B62A-DEF2-7907-85DC-B118676BC2A8" name="Contrato_PK">
<createdBy>andrenunes</createdBy>
<createdTime>2015-04-19 20:14:51 UTC</createdTime>
<generatorID>Gerado pelo usuário</generatorID>
<ownerDesignName>seguradora</ownerDesignName>
<engineerTo>
<item key="2E3A49F5-63EE-D061-5BF9-89C4083562D1" value="true"/>
</engineerTo>
<pk>true</pk>
<usedAttributes>
<attributeRef>79385724-48CA-5E49-8CFA-F6A3F9FD7357</attributeRef>
</usedAttributes>
</identifier>
</identifiers>
</Entity>