<?xml version = '1.0' encoding = 'UTF-8'?>
<Entity class="oracle.dbtools.crest.model.design.logical.Entity" directorySegmentName="seg_0" id="FFC99E91-CD6E-DE51-C017-231BCB7C5AD5" name="Beneficiario">
<createdBy>andrenunes</createdBy>
<createdTime>2015-04-20 00:37:17 UTC</createdTime>
<generatorID>3CA4197B-73FB-CD11-DB3C-99DCB3279BE5</generatorID>
<ownerDesignName>seguradora</ownerDesignName>
<engineerTo>
<item key="2E3A49F5-63EE-D061-5BF9-89C4083562D1" value="true"/>
</engineerTo>
<adequatelyNormalized>NO</adequatelyNormalized>
<expectedVolumes>0</expectedVolumes>
<fwdEngineeringStrategyName>Single Table</fwdEngineeringStrategyName>
<growthPercent>0</growthPercent>
<growthType>Year</growthType>
<maxVolumes>9999999</maxVolumes>
<minVolumes>0</minVolumes>
<normalForm>Third</normalForm>
<attributes itemClass="oracle.dbtools.crest.model.design.logical.Attribute">
<Attribute name="IDBeneficiario" id="36BF05BD-61D8-5271-68AB-68618F7F943A">
<createdBy>andrenunes</createdBy>
<createdTime>2015-04-20 00:37:17 UTC</createdTime>
<generatorID>87901F0C-6F8C-C004-248E-BDDFC5DB5E63</generatorID>
<ownerDesignName>seguradora</ownerDesignName>
<engineerTo>
<item key="2E3A49F5-63EE-D061-5BF9-89C4083562D1" value="true"/>
</engineerTo>
<useDomainConstraints>false</useDomainConstraints>
<use>1</use>
<logicalDatatype>LOGDT011</logicalDatatype>
</Attribute>
<Attribute name="IDContrato" id="62F70A27-BA48-203A-3ED7-C36A7B7F3A0F">
<createdBy>andrenunes</createdBy>
<createdTime>2015-04-20 00:37:17 UTC</createdTime>
<ownerDesignName>seguradora</ownerDesignName>
<engineerTo>
<item key="2E3A49F5-63EE-D061-5BF9-89C4083562D1" value="true"/>
</engineerTo>
<useDomainConstraints>false</useDomainConstraints>
<use>1</use>
<logicalDatatype>LOGDT011</logicalDatatype>
</Attribute>
<Attribute name="IDPessoaFisica" id="E29E4DF0-85D6-9EAC-A393-0F8C25A8C540">
<createdBy>andrenunes</createdBy>
<createdTime>2015-04-20 00:37:17 UTC</createdTime>
<ownerDesignName>seguradora</ownerDesignName>
<engineerTo>
<item key="2E3A49F5-63EE-D061-5BF9-89C4083562D1" value="true"/>
</engineerTo>
<useDomainConstraints>false</useDomainConstraints>
<use>1</use>
<logicalDatatype>LOGDT011</logicalDatatype>
</Attribute>
</attributes>
<identifiers itemClass="oracle.dbtools.crest.model.design.logical.CandidateKey">
<identifier id="D3D2123C-8086-3F60-647A-A69F5C6C7674" name="Beneficiario PK">
<createdBy>andrenunes</createdBy>
<createdTime>2015-04-20 00:37:17 UTC</createdTime>
<generatorID>0207E8C8-8F3F-18C0-5AAD-6D686F3A241E</generatorID>
<ownerDesignName>seguradora</ownerDesignName>
<engineerTo>
<item key="2E3A49F5-63EE-D061-5BF9-89C4083562D1" value="true"/>
</engineerTo>
<pk>true</pk>
<usedAttributes>
<attributeRef>36BF05BD-61D8-5271-68AB-68618F7F943A</attributeRef>
</usedAttributes>
</identifier>
</identifiers>
</Entity>