<?xml version = '1.0' encoding = 'UTF-8'?>
<Diagram class="oracle.dbtools.crest.swingui.logical.DPVLogical" name="Logical" id="8E64994D-082E-D4F5-BD93-620641D897FD">
<createdBy>andrenunes</createdBy>
<createdTime>2015-04-19 20:11:24 UTC</createdTime>
<autoRoute>false</autoRoute>
<boxInbox>true</boxInbox>
<showLegend>false</showLegend>
<showLabels>false</showLabels>
<showRelAttributes>false</showRelAttributes>
<showGrid>false</showGrid>
<diagramColor>-1</diagramColor>
<display>false</display>
<notation>1</notation>
<objectViews>
<OView class="oracle.dbtools.crest.swingui.logical.TVEntity" oid="36DCCC4E-989B-6E14-9C55-072D30799CD0" otype="Entity" vid="0669B801-DA2E-9903-3BEC-59078373990C">
<hideElementsInCurrentOnly>false</hideElementsInCurrentOnly>
<bounds x="404" y="388" width="186" height="140"/>
</OView>
<OView class="oracle.dbtools.crest.swingui.logical.TVEntity" oid="462B4565-696A-5E67-44A0-6A737462311C" otype="Entity" vid="2801C019-9A73-8F3D-6C72-D4625E8BBF71">
<hideElementsInCurrentOnly>false</hideElementsInCurrentOnly>
<bounds x="184" y="387" width="185" height="136"/>
</OView>
<OView class="oracle.dbtools.crest.swingui.logical.TVEntity" oid="4CD34CC9-7FF0-186C-9C86-48BB9008D89B" otype="Entity" vid="05BD0ACA-0A20-B2DA-3B00-9BF2404E609F">
<hideElementsInCurrentOnly>false</hideElementsInCurrentOnly>
<bounds x="315" y="212" width="188" height="102"/>
</OView>
<OView class="oracle.dbtools.crest.swingui.logical.TVEntity" oid="BF45A77C-D8E5-D9B6-B8D8-8DC74EF8347F" otype="Entity" vid="454A2DEA-A1A8-9094-130D-7B4EB46F6F30">
<hideElementsInCurrentOnly>false</hideElementsInCurrentOnly>
<bounds x="628" y="412" width="170" height="94"/>
</OView>
<OView class="oracle.dbtools.crest.swingui.logical.TVEntity" oid="D039A1EA-61B6-B991-68B0-FF772609D4E5" otype="Entity" vid="C8B7B9AD-56D7-5E48-F441-78D6AC4A3EE6">
<hideElementsInCurrentOnly>false</hideElementsInCurrentOnly>
<bounds x="321" y="7" width="203" height="164"/>
</OView>
<OView class="oracle.dbtools.crest.swingui.logical.TVEntity" oid="E6BDB98A-FFC7-E87D-D1FD-9FC721CFE304" otype="Entity" vid="32314B2C-7C6C-DDC1-3C6E-C7804E2F7D5B">
<hideElementsInCurrentOnly>false</hideElementsInCurrentOnly>
<bounds x="16" y="185" width="217" height="125"/>
</OView>
<OView class="oracle.dbtools.crest.swingui.logical.TVEntity" oid="EEB5625D-CC2B-E6F4-EB8A-1B01AA5066B5" otype="Entity" vid="C88667A4-30FB-1CAB-47D0-1EEC3FC7916C">
<hideElementsInCurrentOnly>false</hideElementsInCurrentOnly>
<bounds x="611" y="183" width="197" height="178"/>
</OView>
<OView class="oracle.dbtools.crest.swingui.logical.TVEntity" oid="FFC99E91-CD6E-DE51-C017-231BCB7C5AD5" otype="Entity" vid="4EA8CF9C-8B9E-9D4B-3262-3619F8E96FC3">
<hideElementsInCurrentOnly>false</hideElementsInCurrentOnly>
<bounds x="614" y="12" width="247" height="119"/>
</OView>
</objectViews>
<connectors>
<Connector class="oracle.dbtools.crest.swingui.logical.TVRelation" oid="EDB993A5-8409-80B7-0964-258855C1F026" otype="Relation" vid_source="454A2DEA-A1A8-9094-130D-7B4EB46F6F30" vid_target="C88667A4-30FB-1CAB-47D0-1EEC3FC7916C">
<hideElementsInCurrentOnly>false</hideElementsInCurrentOnly>
<lineWidth>1</lineWidth>
<points>
<point x="713" y="412"/>
<point x="713" y="361"/>
</points>
</Connector>
</connectors>
</Diagram>