<?xml version = '1.0' encoding = 'UTF-8'?>
<Relation class="oracle.dbtools.crest.model.design.logical.Relation" name="FK_Contrato_Seguro" directorySegmentName="seg_0" id="EDB993A5-8409-80B7-0964-258855C1F026">
<createdBy>andrenunes</createdBy>
<createdTime>2015-04-19 20:22:58 UTC</createdTime>
<generatorID>Gerado pelo usuário</generatorID>
<ownerDesignName>seguradora</ownerDesignName>
<engineerTo>
<item key="2E3A49F5-63EE-D061-5BF9-89C4083562D1" value="true"/>
</engineerTo>
<sourcePk>BFF12A6F-D7E5-2755-B46C-C6935F1BA49B</sourcePk>
<identifying>false</identifying>
<nameOnTarget>IDSeguro</nameOnTarget>
<optionalSource>true</optionalSource>
<optionalTarget>false</optionalTarget>
<sourceCardinality>1</sourceCardinality>
<sourceEntity>BF45A77C-D8E5-D9B6-B8D8-8DC74EF8347F</sourceEntity>
<targetCardinalityString>*</targetCardinalityString>
<targetEntity>EEB5625D-CC2B-E6F4-EB8A-1B01AA5066B5</targetEntity>
<transferable>true</transferable>
<deleteRule>NO ACTION</deleteRule>
</Relation>