<?xml version = '1.0' encoding = 'UTF-8'?>
<relationalModel class="oracle.dbtools.crest.model.design.relational.RelationalDesign" name="Relacional" id="2E3A49F5-63EE-D061-5BF9-89C4083562D1" mainViewID="FF1C7710-19E7-DF1F-303A-386A860396C0">
<createdBy>andrenunes</createdBy>
<createdTime>2015-04-19 20:11:48 UTC</createdTime>
<generatorID>Gerado pelo usuário</generatorID>
<ownerDesignName>seguradora</ownerDesignName>
<shouldBeOpen>true</shouldBeOpen>
<selectedRDBMSSite>32076570-2523-435C-2E92-BF29817DFF70</selectedRDBMSSite>
</relationalModel>