<?xml version = '1.0' encoding = 'UTF-8'?>
<FKIndexAssociation class="oracle.dbtools.crest.model.design.relational.FKIndexAssociation" directorySegmentName="seg_0" id="0516FFB1-5959-2CF5-72A3-E4FB1D1A35CF" name="FK_Endereco_Pessoa">
<createdBy>andrenunes</createdBy>
<createdTime>2015-04-20 00:12:01 UTC</createdTime>
<generatorID>85433201-02F5-3F0A-665C-A92A8E330402</generatorID>
<ownerDesignName>seguradora</ownerDesignName>
<containerWithKeyObject>58A8BA87-8F4D-CEE3-6472-6DB61874D56B</containerWithKeyObject>
<deleteRule>NO ACTION</deleteRule>
<localFKIndex>1305CAED-32E5-1D31-AC60-4889A5C6E672</localFKIndex>
<keyObject>820919A8-62C4-CB23-BB06-6B8D7F4A1A42</keyObject>
<mandatory>true</mandatory>
<transferable>true</transferable>
<columnDependencyConstraintGenerateInDDL>true</columnDependencyConstraintGenerateInDDL>
</FKIndexAssociation>