<?xml version = '1.0' encoding = 'UTF-8'?>
<FKIndexAssociation class="oracle.dbtools.crest.model.design.relational.FKIndexAssociation" directorySegmentName="seg_0" id="3DBDD44E-3AC1-CBBC-936A-FA252E14266D" name="FK_Endereco_Cidade">
<createdBy>andrenunes</createdBy>
<createdTime>2015-04-20 12:50:01 UTC</createdTime>
<ownerDesignName>seguradora</ownerDesignName>
<containerWithKeyObject>58A8BA87-8F4D-CEE3-6472-6DB61874D56B</containerWithKeyObject>
<deleteRule>NO ACTION</deleteRule>
<localFKIndex>7A49DA48-1F7C-188A-82E6-8F40F05BCAA5</localFKIndex>
<keyObject>7EA43136-0479-52C3-0054-E6224B99AAF8</keyObject>
<mandatory>true</mandatory>
<transferable>true</transferable>
<columnDependencyConstraintGenerateInDDL>true</columnDependencyConstraintGenerateInDDL>
</FKIndexAssociation>