<?xml version = '1.0' encoding = 'UTF-8'?>
<FKIndexAssociation class="oracle.dbtools.crest.model.design.relational.FKIndexAssociation" directorySegmentName="seg_0" id="4E0FA77C-8BC2-5B73-4368-52883870EBDB" name="FK_PessoaFisica_Pessoa">
<createdBy>andrenunes</createdBy>
<createdTime>2015-04-20 00:14:35 UTC</createdTime>
<generatorID>85433201-02F5-3F0A-665C-A92A8E330402</generatorID>
<ownerDesignName>seguradora</ownerDesignName>
<containerWithKeyObject>515CB6D8-2C17-47C1-7232-198C4E6D3650</containerWithKeyObject>
<deleteRule>NO ACTION</deleteRule>
<localFKIndex>3DEEA162-D3DB-C354-ABF5-C2F28DEDA4D4</localFKIndex>
<keyObject>820919A8-62C4-CB23-BB06-6B8D7F4A1A42</keyObject>
<mandatory>true</mandatory>
<transferable>true</transferable>
<columnDependencyConstraintGenerateInDDL>true</columnDependencyConstraintGenerateInDDL>
</FKIndexAssociation>