<?xml version = '1.0' encoding = 'UTF-8'?>
<FKIndexAssociation class="oracle.dbtools.crest.model.design.relational.FKIndexAssociation" directorySegmentName="seg_0" id="832DCD9B-A64F-973D-7095-2071DB4D6B50" name="FK_Contato_Pessoa">
<createdBy>andrenunes</createdBy>
<createdTime>2015-04-20 00:22:47 UTC</createdTime>
<generatorID>85433201-02F5-3F0A-665C-A92A8E330402</generatorID>
<ownerDesignName>seguradora</ownerDesignName>
<containerWithKeyObject>273F44E6-52F8-05EB-BF7C-B94786A45382</containerWithKeyObject>
<deleteRule>NO ACTION</deleteRule>
<localFKIndex>0E3CFB1A-304C-6CDD-1506-25150018F365</localFKIndex>
<keyObject>820919A8-62C4-CB23-BB06-6B8D7F4A1A42</keyObject>
<mandatory>true</mandatory>
<transferable>true</transferable>
<columnDependencyConstraintGenerateInDDL>true</columnDependencyConstraintGenerateInDDL>
</FKIndexAssociation>