<?xml version = '1.0' encoding = 'UTF-8'?>
<FKIndexAssociation class="oracle.dbtools.crest.model.design.relational.FKIndexAssociation" directorySegmentName="seg_0" id="ADE28191-BD48-05A6-38E4-34B2CD4D0635" name="FK_Beneficiario_Contrato">
<createdBy>andrenunes</createdBy>
<createdTime>2015-04-20 00:30:21 UTC</createdTime>
<generatorID>C676B62A-DEF2-7907-85DC-B118676BC2A8</generatorID>
<ownerDesignName>seguradora</ownerDesignName>
<containerWithKeyObject>3CA4197B-73FB-CD11-DB3C-99DCB3279BE5</containerWithKeyObject>
<deleteRule>NO ACTION</deleteRule>
<localFKIndex>DEE826FD-A36D-E393-0490-609FF7E5445E</localFKIndex>
<keyObject>339B42E8-87EF-5738-34D1-4081DC9307B3</keyObject>
<mandatory>true</mandatory>
<transferable>true</transferable>
<columnDependencyConstraintGenerateInDDL>true</columnDependencyConstraintGenerateInDDL>
</FKIndexAssociation>