<?xml version = '1.0' encoding = 'UTF-8'?>
<FKIndexAssociation class="oracle.dbtools.crest.model.design.relational.FKIndexAssociation" directorySegmentName="seg_0" id="B12B9A44-F675-8D74-88CC-77428EDC41AB" name="FK_Contrato_Seguro">
<createdBy>andrenunes</createdBy>
<createdTime>2015-04-19 20:24:16 UTC</createdTime>
<generatorID>EDB993A5-8409-80B7-0964-258855C1F026</generatorID>
<ownerDesignName>seguradora</ownerDesignName>
<containerWithKeyObject>81C052A9-B53E-9F12-6CCB-E8ADDE872999</containerWithKeyObject>
<deleteRule>NO ACTION</deleteRule>
<localFKIndex>2EAC35E5-DCC5-358B-C20F-04AF639C81F6</localFKIndex>
<keyObject>8C89886B-B787-76C4-2030-DEE3FC75E991</keyObject>
<mandatory>true</mandatory>
<transferable>true</transferable>
<columnDependencyConstraintGenerateInDDL>true</columnDependencyConstraintGenerateInDDL>
</FKIndexAssociation>