<?xml version = '1.0' encoding = 'UTF-8'?>
<FKIndexAssociation class="oracle.dbtools.crest.model.design.relational.FKIndexAssociation" directorySegmentName="seg_0" id="B7C26BD3-5F08-9FFF-6064-E37029DB9BD4" name="FK_Beneficiario_PessoaFisica">
<createdBy>andrenunes</createdBy>
<createdTime>2015-04-20 00:30:36 UTC</createdTime>
<ownerDesignName>seguradora</ownerDesignName>
<containerWithKeyObject>3CA4197B-73FB-CD11-DB3C-99DCB3279BE5</containerWithKeyObject>
<deleteRule>NO ACTION</deleteRule>
<localFKIndex>ADBBB803-F64A-9B74-F54C-4150BB38FD7F</localFKIndex>
<keyObject>9FB1A968-7214-E858-262F-8C157FEEF59C</keyObject>
<mandatory>true</mandatory>
<transferable>true</transferable>
<columnDependencyConstraintGenerateInDDL>true</columnDependencyConstraintGenerateInDDL>
</FKIndexAssociation>