<?xml version = '1.0' encoding = 'UTF-8'?>
<FKIndexAssociation class="oracle.dbtools.crest.model.design.relational.FKIndexAssociation" directorySegmentName="seg_0" id="BDE55897-4BAD-EDA7-4827-48ABFF0227B1" name="FK_Contrato_Pessoa">
<createdBy>andrenunes</createdBy>
<createdTime>2015-04-19 23:42:42 UTC</createdTime>
<generatorID>85433201-02F5-3F0A-665C-A92A8E330402</generatorID>
<ownerDesignName>seguradora</ownerDesignName>
<containerWithKeyObject>81C052A9-B53E-9F12-6CCB-E8ADDE872999</containerWithKeyObject>
<deleteRule>NO ACTION</deleteRule>
<localFKIndex>46401D74-45C2-9470-9EAB-94FE43292901</localFKIndex>
<keyObject>820919A8-62C4-CB23-BB06-6B8D7F4A1A42</keyObject>
<mandatory>true</mandatory>
<transferable>true</transferable>
<columnDependencyConstraintGenerateInDDL>true</columnDependencyConstraintGenerateInDDL>
</FKIndexAssociation>