<?xml version = '1.0' encoding = 'UTF-8'?>
<FKIndexAssociation class="oracle.dbtools.crest.model.design.relational.FKIndexAssociation" directorySegmentName="seg_0" id="F331120E-181D-2D08-A73C-92CE62F74896" name="FK_PessoaJuridica_Pessoa">
<createdBy>andrenunes</createdBy>
<createdTime>2015-04-20 00:14:20 UTC</createdTime>
<generatorID>85433201-02F5-3F0A-665C-A92A8E330402</generatorID>
<ownerDesignName>seguradora</ownerDesignName>
<containerWithKeyObject>EE2143DC-615C-3FB1-F5C2-3C41DF5E90CD</containerWithKeyObject>
<deleteRule>NO ACTION</deleteRule>
<localFKIndex>DAD57BD2-01F9-7FA5-67E1-52F234A482B5</localFKIndex>
<keyObject>820919A8-62C4-CB23-BB06-6B8D7F4A1A42</keyObject>
<mandatory>true</mandatory>
<transferable>true</transferable>
<columnDependencyConstraintGenerateInDDL>true</columnDependencyConstraintGenerateInDDL>
</FKIndexAssociation>