<?xml version = '1.0' encoding = 'UTF-8'?>
<Table class="oracle.dbtools.crest.model.design.relational.Table" directorySegmentName="seg_0" id="106F38AF-F6F9-8F08-5DB7-120C35FC38FD" name="Seguro">
<createdBy>andrenunes</createdBy>
<createdTime>2015-04-19 20:24:16 UTC</createdTime>
<generatorID>BF45A77C-D8E5-D9B6-B8D8-8DC74EF8347F</generatorID>
<ownerDesignName>seguradora</ownerDesignName>
<allowColumnReorder>false</allowColumnReorder>
<existDependencyGenerateInDDl>true</existDependencyGenerateInDDl>
<columns itemClass="oracle.dbtools.crest.model.design.relational.Column">
<Column name="IDSeguro" id="7ED581DA-A079-8346-3564-C1AF5457199D">
<createdBy>andrenunes</createdBy>
<createdTime>2015-04-19 20:24:16 UTC</createdTime>
<generatorID>BE4121FD-DB05-7959-3CED-B91F55AD21BC</generatorID>
<ownerDesignName>seguradora</ownerDesignName>
<useDomainConstraints>false</useDomainConstraints>
<use>1</use>
<logicalDatatype>LOGDT011</logicalDatatype>
<autoIncrementCycle>false</autoIncrementCycle>
</Column>
<Column name="Nome" id="1ABA8A34-71B6-18A1-E9BB-24383E699739">
<createdBy>andrenunes</createdBy>
<createdTime>2015-04-19 20:24:16 UTC</createdTime>
<generatorID>AFED4B99-7FDB-1D6F-1682-C22D639E635F</generatorID>
<ownerDesignName>seguradora</ownerDesignName>
<useDomainConstraints>false</useDomainConstraints>
<use>1</use>
<logicalDatatype>LOGDT024</logicalDatatype>
<dataTypeSize>50</dataTypeSize>
<autoIncrementCycle>false</autoIncrementCycle>
</Column>
<Column name="Situacao" id="8F4117AC-0B7C-71AC-5622-DD4BCFEDD171">
<createdBy>andrenunes</createdBy>
<createdTime>2015-04-19 20:24:16 UTC</createdTime>
<generatorID>789BAD1A-2DD7-188D-719D-BFBC76209ED6</generatorID>
<ownerDesignName>seguradora</ownerDesignName>
<useDomainConstraints>false</useDomainConstraints>
<use>1</use>
<logicalDatatype>LOGDT024</logicalDatatype>
<dataTypeSize>1</dataTypeSize>
<autoIncrementCycle>false</autoIncrementCycle>
</Column>
</columns>
<indexes itemClass="oracle.dbtools.crest.model.design.relational.Index">
<ind_PK_UK id="8C89886B-B787-76C4-2030-DEE3FC75E991" name="Seguro_PK">
<createdBy>andrenunes</createdBy>
<createdTime>2015-04-19 20:24:16 UTC</createdTime>
<generatorID>BFF12A6F-D7E5-2755-B46C-C6935F1BA49B</generatorID>
<ownerDesignName>seguradora</ownerDesignName>
<pk>true</pk>
<indexState>Primary Constraint</indexState>
<isSurrogateKey>false</isSurrogateKey>
<indexColumnUsage>
<colUsage columnID="7ED581DA-A079-8346-3564-C1AF5457199D"/>
</indexColumnUsage>
</ind_PK_UK>
</indexes>
</Table>