<?xml version = '1.0' encoding = 'UTF-8'?>
<Table class="oracle.dbtools.crest.model.design.relational.Table" directorySegmentName="seg_0" id="273F44E6-52F8-05EB-BF7C-B94786A45382" name="Contato">
<createdBy>andrenunes</createdBy>
<createdTime>2015-04-20 00:19:04 UTC</createdTime>
<ownerDesignName>seguradora</ownerDesignName>
<allowColumnReorder>false</allowColumnReorder>
<existDependencyGenerateInDDl>true</existDependencyGenerateInDDl>
<columns itemClass="oracle.dbtools.crest.model.design.relational.Column">
<Column name="IDContato" id="6CCE1235-C148-A19F-902F-F787ADD99D41">
<createdBy>andrenunes</createdBy>
<createdTime>2015-04-20 00:22:37 UTC</createdTime>
<ownerDesignName>seguradora</ownerDesignName>
<useDomainConstraints>false</useDomainConstraints>
<use>1</use>
<logicalDatatype>LOGDT011</logicalDatatype>
<autoIncrementCycle>false</autoIncrementCycle>
</Column>
<Column name="IDPessoa" id="814C26A1-B45F-6DAB-C6CA-685CEDA4611E">
<createdBy>andrenunes</createdBy>
<createdTime>2015-04-20 00:22:47 UTC</createdTime>
<ownerDesignName>seguradora</ownerDesignName>
<useDomainConstraints>false</useDomainConstraints>
<use>1</use>
<logicalDatatype>LOGDT011</logicalDatatype>
<delegate>EDA735D5-0550-AB4E-6922-577BDDEA9A68</delegate>
<previousColumn>false</previousColumn>
<autoIncrementCycle>false</autoIncrementCycle>
<associations>
<colAssociation fkAssociation="832DCD9B-A64F-973D-7095-2071DB4D6B50" referredColumn="EDA735D5-0550-AB4E-6922-577BDDEA9A68"/>
</associations>
</Column>
<Column name="TipoContato" id="28F6F848-BE7E-F573-270C-C67ED107DD01">
<createdBy>andrenunes</createdBy>
<createdTime>2015-04-20 00:22:37 UTC</createdTime>
<ownerDesignName>seguradora</ownerDesignName>
<useDomainConstraints>false</useDomainConstraints>
<use>1</use>
<logicalDatatype>LOGDT024</logicalDatatype>
<dataTypeSize>1</dataTypeSize>
<autoIncrementCycle>false</autoIncrementCycle>
</Column>
<Column name="Valor" id="2F7BFEBE-0E3E-B91C-EE47-8CA849C22034">
<createdBy>andrenunes</createdBy>
<createdTime>2015-04-20 00:22:37 UTC</createdTime>
<ownerDesignName>seguradora</ownerDesignName>
<useDomainConstraints>false</useDomainConstraints>
<use>1</use>
<logicalDatatype>LOGDT024</logicalDatatype>
<dataTypeSize>50</dataTypeSize>
<autoIncrementCycle>false</autoIncrementCycle>
</Column>
<Column name="Principal" id="3E24BEE0-0822-8B68-7B8E-2C6584E5C53E">
<createdBy>andrenunes</createdBy>
<createdTime>2015-04-20 00:22:37 UTC</createdTime>
<ownerDesignName>seguradora</ownerDesignName>
<nullsAllowed>true</nullsAllowed>
<useDomainConstraints>false</useDomainConstraints>
<use>1</use>
<logicalDatatype>LOGDT034</logicalDatatype>
<dataTypeSize>1</dataTypeSize>
<autoIncrementCycle>false</autoIncrementCycle>
</Column>
</columns>
<indexes itemClass="oracle.dbtools.crest.model.design.relational.Index">
<ind_PK_UK id="41F15BFD-1713-C10D-3743-7D3D7FDD1111" name="Contato_PK">
<createdBy>andrenunes</createdBy>
<createdTime>2015-04-20 00:22:37 UTC</createdTime>
<ownerDesignName>seguradora</ownerDesignName>
<pk>true</pk>
<indexState>Primary Constraint</indexState>
<isSurrogateKey>false</isSurrogateKey>
<indexColumnUsage>
<colUsage columnID="6CCE1235-C148-A19F-902F-F787ADD99D41"/>
</indexColumnUsage>
</ind_PK_UK>
<ind_PK_UK id="0E3CFB1A-304C-6CDD-1506-25150018F365" name="FK_Contato_Pessoa">
<createdBy>andrenunes</createdBy>
<createdTime>2015-04-20 00:22:47 UTC</createdTime>
<generatorID>85433201-02F5-3F0A-665C-A92A8E330402</generatorID>
<ownerDesignName>seguradora</ownerDesignName>
<indexState>Foreign Key</indexState>
<isSurrogateKey>false</isSurrogateKey>
<indexColumnUsage>
<colUsage columnID="814C26A1-B45F-6DAB-C6CA-685CEDA4611E"/>
</indexColumnUsage>
</ind_PK_UK>
</indexes>
</Table>