<?xml version = '1.0' encoding = 'UTF-8'?>
<Table class="oracle.dbtools.crest.model.design.relational.Table" directorySegmentName="seg_0" id="3CA4197B-73FB-CD11-DB3C-99DCB3279BE5" name="Beneficiario">
<createdBy>andrenunes</createdBy>
<createdTime>2015-04-20 00:29:28 UTC</createdTime>
<ownerDesignName>seguradora</ownerDesignName>
<allowColumnReorder>false</allowColumnReorder>
<existDependencyGenerateInDDl>true</existDependencyGenerateInDDl>
<columns itemClass="oracle.dbtools.crest.model.design.relational.Column">
<Column name="IDBeneficiario" id="87901F0C-6F8C-C004-248E-BDDFC5DB5E63">
<createdBy>andrenunes</createdBy>
<createdTime>2015-04-20 00:30:06 UTC</createdTime>
<ownerDesignName>seguradora</ownerDesignName>
<useDomainConstraints>false</useDomainConstraints>
<use>1</use>
<logicalDatatype>LOGDT011</logicalDatatype>
<autoIncrementCycle>false</autoIncrementCycle>
</Column>
<Column name="IDContrato" id="E999216A-887C-8DC0-6320-61A51955B712">
<createdBy>andrenunes</createdBy>
<createdTime>2015-04-20 00:30:21 UTC</createdTime>
<ownerDesignName>seguradora</ownerDesignName>
<useDomainConstraints>false</useDomainConstraints>
<use>1</use>
<logicalDatatype>LOGDT011</logicalDatatype>
<delegate>EE3F0EB3-0ABB-C267-E8A7-DC6A5207D8AB</delegate>
<previousColumn>false</previousColumn>
<autoIncrementCycle>false</autoIncrementCycle>
<associations>
<colAssociation fkAssociation="ADE28191-BD48-05A6-38E4-34B2CD4D0635" referredColumn="EE3F0EB3-0ABB-C267-E8A7-DC6A5207D8AB"/>
</associations>
</Column>
<Column name="IDPessoaFisica" id="70E31ADF-96D1-9239-FFBA-FD0D458C0D67">
<createdBy>andrenunes</createdBy>
<createdTime>2015-04-20 00:30:36 UTC</createdTime>
<ownerDesignName>seguradora</ownerDesignName>
<useDomainConstraints>false</useDomainConstraints>
<use>1</use>
<logicalDatatype>LOGDT011</logicalDatatype>
<delegate>823BBF25-88DB-F8FC-0B75-005D3C043EC8</delegate>
<previousColumn>false</previousColumn>
<autoIncrementCycle>false</autoIncrementCycle>
<associations>
<colAssociation fkAssociation="B7C26BD3-5F08-9FFF-6064-E37029DB9BD4" referredColumn="823BBF25-88DB-F8FC-0B75-005D3C043EC8"/>
</associations>
</Column>
</columns>
<indexes itemClass="oracle.dbtools.crest.model.design.relational.Index">
<ind_PK_UK id="0207E8C8-8F3F-18C0-5AAD-6D686F3A241E" name="Beneficiario_PK">
<createdBy>andrenunes</createdBy>
<createdTime>2015-04-20 00:30:06 UTC</createdTime>
<ownerDesignName>seguradora</ownerDesignName>
<pk>true</pk>
<indexState>Primary Constraint</indexState>
<isSurrogateKey>false</isSurrogateKey>
<indexColumnUsage>
<colUsage columnID="87901F0C-6F8C-C004-248E-BDDFC5DB5E63"/>
</indexColumnUsage>
</ind_PK_UK>
<ind_PK_UK id="DEE826FD-A36D-E393-0490-609FF7E5445E" name="FK_Beneficiario_Contrato">
<createdBy>andrenunes</createdBy>
<createdTime>2015-04-20 00:30:21 UTC</createdTime>
<generatorID>C676B62A-DEF2-7907-85DC-B118676BC2A8</generatorID>
<ownerDesignName>seguradora</ownerDesignName>
<indexState>Foreign Key</indexState>
<isSurrogateKey>false</isSurrogateKey>
<indexColumnUsage>
<colUsage columnID="E999216A-887C-8DC0-6320-61A51955B712"/>
</indexColumnUsage>
</ind_PK_UK>
<ind_PK_UK id="ADBBB803-F64A-9B74-F54C-4150BB38FD7F" name="FK_Beneficiario_PessoaFisica">
<createdBy>andrenunes</createdBy>
<createdTime>2015-04-20 00:30:36 UTC</createdTime>
<ownerDesignName>seguradora</ownerDesignName>
<indexState>Foreign Key</indexState>
<isSurrogateKey>false</isSurrogateKey>
<indexColumnUsage>
<colUsage columnID="70E31ADF-96D1-9239-FFBA-FD0D458C0D67"/>
</indexColumnUsage>
</ind_PK_UK>
</indexes>
</Table>