<?xml version = '1.0' encoding = 'UTF-8'?>
<Table class="oracle.dbtools.crest.model.design.relational.Table" directorySegmentName="seg_0" id="515CB6D8-2C17-47C1-7232-198C4E6D3650" name="PessoaFisica">
<createdBy>andrenunes</createdBy>
<createdTime>2015-04-19 23:08:06 UTC</createdTime>
<ownerDesignName>seguradora</ownerDesignName>
<allowColumnReorder>false</allowColumnReorder>
<existDependencyGenerateInDDl>true</existDependencyGenerateInDDl>
<columns itemClass="oracle.dbtools.crest.model.design.relational.Column">
<Column name="IDPessoaFisica" id="823BBF25-88DB-F8FC-0B75-005D3C043EC8">
<createdBy>andrenunes</createdBy>
<createdTime>2015-04-19 23:09:54 UTC</createdTime>
<ownerDesignName>seguradora</ownerDesignName>
<useDomainConstraints>false</useDomainConstraints>
<use>1</use>
<logicalDatatype>LOGDT011</logicalDatatype>
<autoIncrementCycle>false</autoIncrementCycle>
</Column>
<Column name="IDPessoa" id="283CEDE0-AE9E-4256-6611-914A83A385C5">
<createdBy>andrenunes</createdBy>
<createdTime>2015-04-20 00:14:35 UTC</createdTime>
<ownerDesignName>seguradora</ownerDesignName>
<useDomainConstraints>false</useDomainConstraints>
<use>1</use>
<logicalDatatype>LOGDT011</logicalDatatype>
<delegate>EDA735D5-0550-AB4E-6922-577BDDEA9A68</delegate>
<previousColumn>false</previousColumn>
<autoIncrementCycle>false</autoIncrementCycle>
<associations>
<colAssociation fkAssociation="4E0FA77C-8BC2-5B73-4368-52883870EBDB" referredColumn="EDA735D5-0550-AB4E-6922-577BDDEA9A68"/>
</associations>
</Column>
<Column name="DataNascimento" id="90F4429F-5D52-BEFB-BEC5-11F550BFD8E9">
<createdBy>andrenunes</createdBy>
<createdTime>2015-04-19 23:40:46 UTC</createdTime>
<ownerDesignName>seguradora</ownerDesignName>
<nullsAllowed>true</nullsAllowed>
<useDomainConstraints>false</useDomainConstraints>
<use>1</use>
<logicalDatatype>LOGDT007</logicalDatatype>
<autoIncrementCycle>false</autoIncrementCycle>
</Column>
<Column name="RG" id="31A09824-A032-D1A8-40DF-BE84FB0C97CB">
<createdBy>andrenunes</createdBy>
<createdTime>2015-04-19 23:09:54 UTC</createdTime>
<ownerDesignName>seguradora</ownerDesignName>
<useDomainConstraints>false</useDomainConstraints>
<use>1</use>
<logicalDatatype>LOGDT024</logicalDatatype>
<dataTypeSize>10</dataTypeSize>
<autoIncrementCycle>false</autoIncrementCycle>
</Column>
<Column name="CPF" id="75A40845-AC60-B7A6-26E8-FD20694322F3">
<createdBy>andrenunes</createdBy>
<createdTime>2015-04-19 23:40:46 UTC</createdTime>
<ownerDesignName>seguradora</ownerDesignName>
<nullsAllowed>true</nullsAllowed>
<useDomainConstraints>false</useDomainConstraints>
<use>1</use>
<logicalDatatype>LOGDT024</logicalDatatype>
<dataTypeSize>11</dataTypeSize>
<autoIncrementCycle>false</autoIncrementCycle>
</Column>
<Column name="NomePai" id="86B94E0D-0ACD-E009-18BD-AF881963B14C">
<createdBy>andrenunes</createdBy>
<createdTime>2015-04-19 23:09:54 UTC</createdTime>
<ownerDesignName>seguradora</ownerDesignName>
<nullsAllowed>true</nullsAllowed>
<useDomainConstraints>false</useDomainConstraints>
<use>1</use>
<logicalDatatype>LOGDT024</logicalDatatype>
<dataTypeSize>70</dataTypeSize>
<autoIncrementCycle>false</autoIncrementCycle>
</Column>
<Column name="NomeMae" id="E60DC852-EF88-C667-603E-F806601B64F0">
<createdBy>andrenunes</createdBy>
<createdTime>2015-04-19 23:09:54 UTC</createdTime>
<ownerDesignName>seguradora</ownerDesignName>
<nullsAllowed>true</nullsAllowed>
<useDomainConstraints>false</useDomainConstraints>
<use>1</use>
<logicalDatatype>LOGDT024</logicalDatatype>
<dataTypeSize>70</dataTypeSize>
<autoIncrementCycle>false</autoIncrementCycle>
</Column>
</columns>
<indexes itemClass="oracle.dbtools.crest.model.design.relational.Index">
<ind_PK_UK id="9FB1A968-7214-E858-262F-8C157FEEF59C" name="PK_PessoaFisica">
<createdBy>andrenunes</createdBy>
<createdTime>2015-04-19 23:09:54 UTC</createdTime>
<ownerDesignName>seguradora</ownerDesignName>
<pk>true</pk>
<indexState>Primary Constraint</indexState>
<isSurrogateKey>false</isSurrogateKey>
<indexColumnUsage>
<colUsage columnID="823BBF25-88DB-F8FC-0B75-005D3C043EC8"/>
</indexColumnUsage>
</ind_PK_UK>
<ind_PK_UK id="3DEEA162-D3DB-C354-ABF5-C2F28DEDA4D4" name="FK_PessoaFisica_Pessoa">
<createdBy>andrenunes</createdBy>
<createdTime>2015-04-20 00:14:35 UTC</createdTime>
<generatorID>85433201-02F5-3F0A-665C-A92A8E330402</generatorID>
<ownerDesignName>seguradora</ownerDesignName>
<indexState>Foreign Key</indexState>
<isSurrogateKey>false</isSurrogateKey>
<indexColumnUsage>
<colUsage columnID="283CEDE0-AE9E-4256-6611-914A83A385C5"/>
</indexColumnUsage>
</ind_PK_UK>
</indexes>
</Table>