<?xml version = '1.0' encoding = 'UTF-8'?>
<Table class="oracle.dbtools.crest.model.design.relational.Table" directorySegmentName="seg_0" id="58A8BA87-8F4D-CEE3-6472-6DB61874D56B" name="Endereco">
<createdBy>andrenunes</createdBy>
<createdTime>2015-04-19 20:24:16 UTC</createdTime>
<generatorID>462B4565-696A-5E67-44A0-6A737462311C</generatorID>
<ownerDesignName>seguradora</ownerDesignName>
<allowColumnReorder>false</allowColumnReorder>
<existDependencyGenerateInDDl>true</existDependencyGenerateInDDl>
<columns itemClass="oracle.dbtools.crest.model.design.relational.Column">
<Column name="IDEndereco" id="F7011240-4C4B-EA42-1031-8DEA2006D639">
<createdBy>andrenunes</createdBy>
<createdTime>2015-04-19 20:24:16 UTC</createdTime>
<generatorID>2D78D16D-88A3-97A7-9B38-FF7F5754B37B</generatorID>
<ownerDesignName>seguradora</ownerDesignName>
<useDomainConstraints>false</useDomainConstraints>
<use>1</use>
<logicalDatatype>LOGDT011</logicalDatatype>
<autoIncrementCycle>false</autoIncrementCycle>
</Column>
<Column name="IDPessoa" id="716A6766-BFAB-BBAB-1077-7DC6292D6121">
<createdBy>andrenunes</createdBy>
<createdTime>2015-04-20 00:12:01 UTC</createdTime>
<ownerDesignName>seguradora</ownerDesignName>
<useDomainConstraints>false</useDomainConstraints>
<use>1</use>
<logicalDatatype>LOGDT011</logicalDatatype>
<delegate>EDA735D5-0550-AB4E-6922-577BDDEA9A68</delegate>
<previousColumn>false</previousColumn>
<autoIncrementCycle>false</autoIncrementCycle>
<associations>
<colAssociation fkAssociation="0516FFB1-5959-2CF5-72A3-E4FB1D1A35CF" referredColumn="EDA735D5-0550-AB4E-6922-577BDDEA9A68"/>
</associations>
</Column>
<Column name="Endereco" id="47B41706-4F66-9E03-9DB6-91DC427F2BC1">
<createdBy>andrenunes</createdBy>
<createdTime>2015-04-19 20:24:16 UTC</createdTime>
<generatorID>AF353197-177F-6884-D802-0500DC3B4198</generatorID>
<ownerDesignName>seguradora</ownerDesignName>
<useDomainConstraints>false</useDomainConstraints>
<use>1</use>
<logicalDatatype>LOGDT024</logicalDatatype>
<dataTypeSize>50</dataTypeSize>
<autoIncrementCycle>false</autoIncrementCycle>
</Column>
<Column name="Bairro" id="2CD4F0E5-37D2-5483-C657-ECA6A40C4D6E">
<createdBy>andrenunes</createdBy>
<createdTime>2015-04-19 20:24:16 UTC</createdTime>
<generatorID>F9FFF726-EB71-7FEB-91BB-CD2933EF6F14</generatorID>
<ownerDesignName>seguradora</ownerDesignName>
<useDomainConstraints>false</useDomainConstraints>
<use>1</use>
<logicalDatatype>LOGDT024</logicalDatatype>
<dataTypeSize>35</dataTypeSize>
<autoIncrementCycle>false</autoIncrementCycle>
</Column>
<Column name="CEP" id="3B894D7F-DD16-7652-45A7-146947D2EC35">
<createdBy>andrenunes</createdBy>
<createdTime>2015-04-19 20:24:16 UTC</createdTime>
<generatorID>5BD03676-C1B5-6CFD-07E1-DB9FA9B64F08</generatorID>
<ownerDesignName>seguradora</ownerDesignName>
<useDomainConstraints>false</useDomainConstraints>
<use>1</use>
<logicalDatatype>LOGDT024</logicalDatatype>
<dataTypeSize>9</dataTypeSize>
<autoIncrementCycle>false</autoIncrementCycle>
</Column>
<Column name="IDCidade" id="263BD48D-ADEE-D409-19EA-903860777CD2">
<createdBy>andrenunes</createdBy>
<createdTime>2015-04-20 12:50:01 UTC</createdTime>
<ownerDesignName>seguradora</ownerDesignName>
<useDomainConstraints>false</useDomainConstraints>
<use>1</use>
<logicalDatatype>LOGDT011</logicalDatatype>
<delegate>B3D7256A-5F66-CC55-32F1-611BAE106629</delegate>
<previousColumn>false</previousColumn>
<autoIncrementCycle>false</autoIncrementCycle>
<associations>
<colAssociation fkAssociation="3DBDD44E-3AC1-CBBC-936A-FA252E14266D" referredColumn="B3D7256A-5F66-CC55-32F1-611BAE106629"/>
</associations>
</Column>
</columns>
<indexes itemClass="oracle.dbtools.crest.model.design.relational.Index">
<ind_PK_UK id="5E53A602-BC7F-78E3-476F-7342C99E67F6" name="Endereco_PK">
<createdBy>andrenunes</createdBy>
<createdTime>2015-04-19 20:24:16 UTC</createdTime>
<generatorID>B011455A-5606-E4E9-1B8B-A609DD9BD88B</generatorID>
<ownerDesignName>seguradora</ownerDesignName>
<pk>true</pk>
<indexState>Primary Constraint</indexState>
<isSurrogateKey>false</isSurrogateKey>
<indexColumnUsage>
<colUsage columnID="F7011240-4C4B-EA42-1031-8DEA2006D639"/>
</indexColumnUsage>
</ind_PK_UK>
<ind_PK_UK id="1305CAED-32E5-1D31-AC60-4889A5C6E672" name="FK_Endereco_Pessoa">
<createdBy>andrenunes</createdBy>
<createdTime>2015-04-20 00:12:01 UTC</createdTime>
<generatorID>85433201-02F5-3F0A-665C-A92A8E330402</generatorID>
<ownerDesignName>seguradora</ownerDesignName>
<indexState>Foreign Key</indexState>
<isSurrogateKey>false</isSurrogateKey>
<indexColumnUsage>
<colUsage columnID="716A6766-BFAB-BBAB-1077-7DC6292D6121"/>
</indexColumnUsage>
</ind_PK_UK>
<ind_PK_UK id="7A49DA48-1F7C-188A-82E6-8F40F05BCAA5" name="FK_Endereco_Cidade">
<createdBy>andrenunes</createdBy>
<createdTime>2015-04-20 12:50:01 UTC</createdTime>
<ownerDesignName>seguradora</ownerDesignName>
<indexState>Foreign Key</indexState>
<isSurrogateKey>false</isSurrogateKey>
<indexColumnUsage>
<colUsage columnID="263BD48D-ADEE-D409-19EA-903860777CD2"/>
</indexColumnUsage>
</ind_PK_UK>
</indexes>
</Table>