<?xml version = '1.0' encoding = 'UTF-8'?>
<Table class="oracle.dbtools.crest.model.design.relational.Table" directorySegmentName="seg_0" id="81C052A9-B53E-9F12-6CCB-E8ADDE872999" name="Contrato">
<createdBy>andrenunes</createdBy>
<createdTime>2015-04-19 20:24:15 UTC</createdTime>
<generatorID>EEB5625D-CC2B-E6F4-EB8A-1B01AA5066B5</generatorID>
<ownerDesignName>seguradora</ownerDesignName>
<allowColumnReorder>false</allowColumnReorder>
<existDependencyGenerateInDDl>true</existDependencyGenerateInDDl>
<columns itemClass="oracle.dbtools.crest.model.design.relational.Column">
<Column name="IDContrato" id="EE3F0EB3-0ABB-C267-E8A7-DC6A5207D8AB">
<createdBy>andrenunes</createdBy>
<createdTime>2015-04-19 20:24:15 UTC</createdTime>
<generatorID>79385724-48CA-5E49-8CFA-F6A3F9FD7357</generatorID>
<ownerDesignName>seguradora</ownerDesignName>
<useDomainConstraints>false</useDomainConstraints>
<use>1</use>
<logicalDatatype>LOGDT011</logicalDatatype>
<autoIncrementCycle>false</autoIncrementCycle>
</Column>
<Column name="IDSeguro" id="6C87788B-10DA-0170-3D06-9AA4463904FD">
<createdBy>andrenunes</createdBy>
<createdTime>2015-04-19 20:24:16 UTC</createdTime>
<generatorID>92089DBE-E40B-7451-8332-58FB304FB254</generatorID>
<ownerDesignName>seguradora</ownerDesignName>
<useDomainConstraints>false</useDomainConstraints>
<use>1</use>
<logicalDatatype>LOGDT011</logicalDatatype>
<delegate>7ED581DA-A079-8346-3564-C1AF5457199D</delegate>
<previousColumn>false</previousColumn>
<autoIncrementCycle>false</autoIncrementCycle>
<associations>
<colAssociation fkAssociation="B12B9A44-F675-8D74-88CC-77428EDC41AB" referredColumn="7ED581DA-A079-8346-3564-C1AF5457199D"/>
</associations>
</Column>
<Column name="IDPessoa" id="700FFDAA-5A65-EA7E-903C-585B0D694685">
<createdBy>andrenunes</createdBy>
<createdTime>2015-04-19 23:42:42 UTC</createdTime>
<ownerDesignName>seguradora</ownerDesignName>
<useDomainConstraints>false</useDomainConstraints>
<use>1</use>
<logicalDatatype>LOGDT011</logicalDatatype>
<delegate>EDA735D5-0550-AB4E-6922-577BDDEA9A68</delegate>
<previousColumn>false</previousColumn>
<autoIncrementCycle>false</autoIncrementCycle>
<associations>
<colAssociation fkAssociation="BDE55897-4BAD-EDA7-4827-48ABFF0227B1" referredColumn="EDA735D5-0550-AB4E-6922-577BDDEA9A68"/>
</associations>
</Column>
<Column name="InicioVigencia" id="C5DD2EEC-905E-971B-ECFE-F809D99E6712">
<createdBy>andrenunes</createdBy>
<createdTime>2015-04-19 20:24:16 UTC</createdTime>
<generatorID>1B990E21-AFA1-3DB5-2003-B5C5614E59B8</generatorID>
<ownerDesignName>seguradora</ownerDesignName>
<useDomainConstraints>false</useDomainConstraints>
<use>1</use>
<logicalDatatype>LOGDT007</logicalDatatype>
<autoIncrementCycle>false</autoIncrementCycle>
</Column>
<Column name="FimVigencia" id="C706DA22-A503-5151-23E2-25DC10604794">
<createdBy>andrenunes</createdBy>
<createdTime>2015-04-19 20:24:16 UTC</createdTime>
<generatorID>1BC1B5A2-B5CE-3A4E-25F9-EFADB46C978B</generatorID>
<ownerDesignName>seguradora</ownerDesignName>
<useDomainConstraints>false</useDomainConstraints>
<use>1</use>
<logicalDatatype>LOGDT007</logicalDatatype>
<autoIncrementCycle>false</autoIncrementCycle>
</Column>
<Column name="Valor" id="AC862C4C-D299-6204-A44C-F3668189A899">
<createdBy>andrenunes</createdBy>
<createdTime>2015-04-19 20:24:16 UTC</createdTime>
<generatorID>257C2A67-CD17-9147-3035-C33C847D1051</generatorID>
<ownerDesignName>seguradora</ownerDesignName>
<useDomainConstraints>false</useDomainConstraints>
<use>1</use>
<logicalDatatype>LOGDT026</logicalDatatype>
<dataTypePrecision>12</dataTypePrecision>
<dataTypeScale>3</dataTypeScale>
<autoIncrementCycle>false</autoIncrementCycle>
</Column>
<Column name="Situacao" id="D28F1B9E-C1C7-79A5-16A2-56D0C0BCA039">
<createdBy>andrenunes</createdBy>
<createdTime>2015-04-19 20:24:16 UTC</createdTime>
<generatorID>D0CC0D12-0384-0D7A-2530-DFBAFD65FE6D</generatorID>
<ownerDesignName>seguradora</ownerDesignName>
<useDomainConstraints>false</useDomainConstraints>
<use>1</use>
<logicalDatatype>LOGDT024</logicalDatatype>
<dataTypeSize>1</dataTypeSize>
<autoIncrementCycle>false</autoIncrementCycle>
</Column>
</columns>
<indexes itemClass="oracle.dbtools.crest.model.design.relational.Index">
<ind_PK_UK id="339B42E8-87EF-5738-34D1-4081DC9307B3" name="Contrato_PK">
<createdBy>andrenunes</createdBy>
<createdTime>2015-04-19 20:24:16 UTC</createdTime>
<generatorID>C676B62A-DEF2-7907-85DC-B118676BC2A8</generatorID>
<ownerDesignName>seguradora</ownerDesignName>
<pk>true</pk>
<indexState>Primary Constraint</indexState>
<isSurrogateKey>false</isSurrogateKey>
<indexColumnUsage>
<colUsage columnID="EE3F0EB3-0ABB-C267-E8A7-DC6A5207D8AB"/>
</indexColumnUsage>
</ind_PK_UK>
<ind_PK_UK id="2EAC35E5-DCC5-358B-C20F-04AF639C81F6" name="FK_Contrato_Seguro">
<createdBy>andrenunes</createdBy>
<createdTime>2015-04-19 20:24:16 UTC</createdTime>
<generatorID>EDB993A5-8409-80B7-0964-258855C1F026</generatorID>
<ownerDesignName>seguradora</ownerDesignName>
<indexState>Foreign Key</indexState>
<isSurrogateKey>false</isSurrogateKey>
<indexColumnUsage>
<colUsage columnID="6C87788B-10DA-0170-3D06-9AA4463904FD"/>
</indexColumnUsage>
</ind_PK_UK>
<ind_PK_UK id="46401D74-45C2-9470-9EAB-94FE43292901" name="FK_Contrato_Pessoa">
<createdBy>andrenunes</createdBy>
<createdTime>2015-04-19 23:42:42 UTC</createdTime>
<generatorID>85433201-02F5-3F0A-665C-A92A8E330402</generatorID>
<ownerDesignName>seguradora</ownerDesignName>
<indexState>Foreign Key</indexState>
<isSurrogateKey>false</isSurrogateKey>
<indexColumnUsage>
<colUsage columnID="700FFDAA-5A65-EA7E-903C-585B0D694685"/>
</indexColumnUsage>
</ind_PK_UK>
</indexes>
</Table>