<?xml version = '1.0' encoding = 'UTF-8'?>
<Table class="oracle.dbtools.crest.model.design.relational.Table" directorySegmentName="seg_0" id="C1BE3CB0-2B66-800D-E525-A10DACFE5DEF" name="Pessoa">
<createdBy>andrenunes</createdBy>
<createdTime>2015-04-19 20:24:16 UTC</createdTime>
<generatorID>4CD34CC9-7FF0-186C-9C86-48BB9008D89B</generatorID>
<ownerDesignName>seguradora</ownerDesignName>
<allowColumnReorder>false</allowColumnReorder>
<existDependencyGenerateInDDl>true</existDependencyGenerateInDDl>
<columns itemClass="oracle.dbtools.crest.model.design.relational.Column">
<Column name="IDPessoa" id="EDA735D5-0550-AB4E-6922-577BDDEA9A68">
<createdBy>andrenunes</createdBy>
<createdTime>2015-04-19 20:24:16 UTC</createdTime>
<generatorID>36577672-7F37-CD48-BBAC-DC15E03A1741</generatorID>
<ownerDesignName>seguradora</ownerDesignName>
<useDomainConstraints>false</useDomainConstraints>
<use>1</use>
<logicalDatatype>LOGDT011</logicalDatatype>
<autoIncrementCycle>false</autoIncrementCycle>
</Column>
<Column name="Nome" id="89B81D6C-9C19-F8AE-4C99-515539EA9DD9">
<createdBy>andrenunes</createdBy>
<createdTime>2015-04-19 20:24:16 UTC</createdTime>
<generatorID>391B7237-53A2-6D9E-338E-6E1D835FB57E</generatorID>
<ownerDesignName>seguradora</ownerDesignName>
<useDomainConstraints>false</useDomainConstraints>
<use>1</use>
<logicalDatatype>LOGDT024</logicalDatatype>
<dataTypeSize>100</dataTypeSize>
<autoIncrementCycle>false</autoIncrementCycle>
</Column>
<Column name="TipoPessoa" id="8D395B8E-D199-03E4-5A1F-6B240B9F1FB7">
<createdBy>andrenunes</createdBy>
<createdTime>2015-04-20 00:26:42 UTC</createdTime>
<ownerDesignName>seguradora</ownerDesignName>
<useDomainConstraints>false</useDomainConstraints>
<use>1</use>
<logicalDatatype>LOGDT024</logicalDatatype>
<dataTypeSize>1</dataTypeSize>
<autoIncrementCycle>false</autoIncrementCycle>
</Column>
<Column name="Situacao" id="543031BC-B4A2-4738-D7A8-159ED4458C7F">
<createdBy>andrenunes</createdBy>
<createdTime>2015-04-20 00:10:20 UTC</createdTime>
<ownerDesignName>seguradora</ownerDesignName>
<useDomainConstraints>false</useDomainConstraints>
<use>1</use>
<logicalDatatype>LOGDT024</logicalDatatype>
<dataTypeSize>1</dataTypeSize>
<autoIncrementCycle>false</autoIncrementCycle>
</Column>
</columns>
<indexes itemClass="oracle.dbtools.crest.model.design.relational.Index">
<ind_PK_UK id="820919A8-62C4-CB23-BB06-6B8D7F4A1A42" name="Pessoa_PK">
<createdBy>andrenunes</createdBy>
<createdTime>2015-04-19 20:24:16 UTC</createdTime>
<generatorID>85433201-02F5-3F0A-665C-A92A8E330402</generatorID>
<ownerDesignName>seguradora</ownerDesignName>
<pk>true</pk>
<indexState>Primary Constraint</indexState>
<isSurrogateKey>false</isSurrogateKey>
<indexColumnUsage>
<colUsage columnID="EDA735D5-0550-AB4E-6922-577BDDEA9A68"/>
</indexColumnUsage>
</ind_PK_UK>
</indexes>
</Table>