<?xml version = '1.0' encoding = 'UTF-8'?>
<Table class="oracle.dbtools.crest.model.design.relational.Table" directorySegmentName="seg_0" id="E9BECD00-1D09-204C-807D-CE26518EB96B" name="Cidade">
<createdBy>andrenunes</createdBy>
<createdTime>2015-04-20 12:48:54 UTC</createdTime>
<ownerDesignName>seguradora</ownerDesignName>
<allowColumnReorder>false</allowColumnReorder>
<existDependencyGenerateInDDl>true</existDependencyGenerateInDDl>
<columns itemClass="oracle.dbtools.crest.model.design.relational.Column">
<Column name="IDCidade" id="B3D7256A-5F66-CC55-32F1-611BAE106629">
<createdBy>andrenunes</createdBy>
<createdTime>2015-04-20 12:49:32 UTC</createdTime>
<ownerDesignName>seguradora</ownerDesignName>
<useDomainConstraints>false</useDomainConstraints>
<use>1</use>
<logicalDatatype>LOGDT011</logicalDatatype>
<autoIncrementCycle>false</autoIncrementCycle>
</Column>
<Column name="Nome" id="89DCBE37-8575-9C61-FDC9-6CEAEE87B23D">
<createdBy>andrenunes</createdBy>
<createdTime>2015-04-20 12:49:32 UTC</createdTime>
<ownerDesignName>seguradora</ownerDesignName>
<useDomainConstraints>false</useDomainConstraints>
<use>1</use>
<logicalDatatype>LOGDT024</logicalDatatype>
<dataTypeSize>50</dataTypeSize>
<autoIncrementCycle>false</autoIncrementCycle>
</Column>
<Column name="UF" id="72E2DB65-AEE7-6B66-4603-3430C1B15341">
<createdBy>andrenunes</createdBy>
<createdTime>2015-04-20 12:49:32 UTC</createdTime>
<ownerDesignName>seguradora</ownerDesignName>
<useDomainConstraints>false</useDomainConstraints>
<use>1</use>
<logicalDatatype>LOGDT024</logicalDatatype>
<dataTypeSize>2</dataTypeSize>
<autoIncrementCycle>false</autoIncrementCycle>
</Column>
</columns>
<indexes itemClass="oracle.dbtools.crest.model.design.relational.Index">
<ind_PK_UK id="7EA43136-0479-52C3-0054-E6224B99AAF8" name="Cidade_PK">
<createdBy>andrenunes</createdBy>
<createdTime>2015-04-20 12:49:32 UTC</createdTime>
<ownerDesignName>seguradora</ownerDesignName>
<pk>true</pk>
<indexState>Primary Constraint</indexState>
<isSurrogateKey>false</isSurrogateKey>
<indexColumnUsage>
<colUsage columnID="B3D7256A-5F66-CC55-32F1-611BAE106629"/>
</indexColumnUsage>
</ind_PK_UK>
</indexes>
</Table>