<?xml version = '1.0' encoding = 'UTF-8'?>
<Table class="oracle.dbtools.crest.model.design.relational.Table" directorySegmentName="seg_0" id="EE2143DC-615C-3FB1-F5C2-3C41DF5E90CD" name="PessoaJuridica">
<createdBy>andrenunes</createdBy>
<createdTime>2015-04-19 23:41:03 UTC</createdTime>
<ownerDesignName>seguradora</ownerDesignName>
<allowColumnReorder>false</allowColumnReorder>
<existDependencyGenerateInDDl>true</existDependencyGenerateInDDl>
<columns itemClass="oracle.dbtools.crest.model.design.relational.Column">
<Column name="IDPessoaJuridica" id="42178393-862D-019A-6D38-D5B3C27A15FF">
<createdBy>andrenunes</createdBy>
<createdTime>2015-04-19 23:42:05 UTC</createdTime>
<ownerDesignName>seguradora</ownerDesignName>
<useDomainConstraints>false</useDomainConstraints>
<use>1</use>
<logicalDatatype>LOGDT011</logicalDatatype>
<autoIncrementCycle>false</autoIncrementCycle>
</Column>
<Column name="IDPessoa" id="FA9F62EA-7286-7605-7D9F-DF1B9AB993C3">
<createdBy>andrenunes</createdBy>
<createdTime>2015-04-20 00:14:20 UTC</createdTime>
<ownerDesignName>seguradora</ownerDesignName>
<useDomainConstraints>false</useDomainConstraints>
<use>1</use>
<logicalDatatype>LOGDT011</logicalDatatype>
<delegate>EDA735D5-0550-AB4E-6922-577BDDEA9A68</delegate>
<previousColumn>false</previousColumn>
<autoIncrementCycle>false</autoIncrementCycle>
<associations>
<colAssociation fkAssociation="F331120E-181D-2D08-A73C-92CE62F74896" referredColumn="EDA735D5-0550-AB4E-6922-577BDDEA9A68"/>
</associations>
</Column>
<Column name="RazaoSocial" id="A8476BC8-E1AD-C3CF-194D-DB139DDA10CE">
<createdBy>andrenunes</createdBy>
<createdTime>2015-04-19 23:42:05 UTC</createdTime>
<ownerDesignName>seguradora</ownerDesignName>
<nullsAllowed>true</nullsAllowed>
<useDomainConstraints>false</useDomainConstraints>
<use>1</use>
<logicalDatatype>LOGDT024</logicalDatatype>
<dataTypeSize>70</dataTypeSize>
<autoIncrementCycle>false</autoIncrementCycle>
</Column>
<Column name="CNPJ" id="38125D14-3259-6D59-6C60-2D51275BF64C">
<createdBy>andrenunes</createdBy>
<createdTime>2015-04-20 00:07:54 UTC</createdTime>
<ownerDesignName>seguradora</ownerDesignName>
<nullsAllowed>true</nullsAllowed>
<useDomainConstraints>false</useDomainConstraints>
<use>1</use>
<logicalDatatype>LOGDT024</logicalDatatype>
<dataTypeSize>15</dataTypeSize>
<autoIncrementCycle>false</autoIncrementCycle>
</Column>
</columns>
<indexes itemClass="oracle.dbtools.crest.model.design.relational.Index">
<ind_PK_UK id="1E947C55-CC0B-D496-B3B4-0D8491E9A096" name="PessoaJuridica_PK">
<createdBy>andrenunes</createdBy>
<createdTime>2015-04-19 23:42:05 UTC</createdTime>
<ownerDesignName>seguradora</ownerDesignName>
<pk>true</pk>
<indexState>Primary Constraint</indexState>
<isSurrogateKey>false</isSurrogateKey>
<indexColumnUsage>
<colUsage columnID="42178393-862D-019A-6D38-D5B3C27A15FF"/>
</indexColumnUsage>
</ind_PK_UK>
<ind_PK_UK id="DAD57BD2-01F9-7FA5-67E1-52F234A482B5" name="FK_PessoaJuridica_Pessoa">
<createdBy>andrenunes</createdBy>
<createdTime>2015-04-20 00:14:20 UTC</createdTime>
<generatorID>85433201-02F5-3F0A-665C-A92A8E330402</generatorID>
<ownerDesignName>seguradora</ownerDesignName>
<indexState>Foreign Key</indexState>
<isSurrogateKey>false</isSurrogateKey>
<indexColumnUsage>
<colUsage columnID="FA9F62EA-7286-7605-7D9F-DF1B9AB993C3"/>
</indexColumnUsage>
</ind_PK_UK>
</indexes>
</Table>